Workbook

Sheet Model_Calculations
A1: NBD Model — Bills vs Broncos (Combined Threads)
A2: Left-truncated at x=1: lurkers (x=0) are unobserved. All statistics are conditional on participation.
A4: SECTION A — Raw Histogram Data (full tail, from histogram CSV)
A5: Row | B5: x (# comments) | C5: Actual Count (n_x)
A6: 1 | B6: 1 | C6: 5369
A7: 2 | B7: 2 | C7: 2213
A8: 3 | B8: 3 | C8: 1186
A9: 4 | B9: 4 | C9: 803
A10: 5 | B10: 5 | C10: 545
A11: 6 | B11: 6 | C11: 372
A12: 7 | B12: 7 | C12: 314
A13: 8 | B13: 8 | C13: 258
A14: 9 | B14: 9 | C14: 209
A15: 10 | B15: 10 | C15: 149
A16: 11 | B16: 11 | C16: 136
A17: 12 | B17: 12 | C17: 138
... A97: 92 | B97: 162 | C97: 1
A98: TOTAL | C98: =SUM(C6:C97) -> 12791
A100: SECTION B — Solver Inputs + λ
A101: r | B101: 0.96754919
A102: α | B102: 0.20426015 | D102: Poisson PMF (No Observed Zeroes) | F102: NBD PMF (No Observed Zeroes)
A103: λ | B103: =SUMPRODUCT(B6:B97, C6:C97) / C98 -> 4.786256 | D103: =EXP(-$B$103) -> 0.0083436379 | F103: =($B$102/($B$102+1))^$B$101 -> 0.17966682
A105: SECTION C — Full Histogram with Model Probabilities
A106: x | B106: Actual Count (n_x) | C106: Poisson PMF P(X=x|λ) | D106: Poisson Expected | E106: NBD PMF P(X=x|r,α) | F106: NBD Expected | G106: Poisson LL | H106: NBD LL | I106: Actual Proportion
A107: 1 | B107: 5369 | C107: =($B$103/1) * D103 -> 0.039934787 | D107: =C107*$C$98 -> 510.80585 | E107: =(($B$101)/(1*($B$102+1))) * F103 -> 0.14435127 | F107: =E107*$C$98 -> 1846.3971 | G107: =IF(C107>0, B107*LN(C107), 0) -> -17290.905 | H107: =IF(E107>0, B107*LN(E107), 0) -> -10391.729 | I107: =B107/C98 -> 0.41974826
A108: 2 | B108: 2213 | C108: =($B$103/A108) * C107 -> 0.095569055 | D108: =C108*$C$98 -> 1222.4238 | E108: =(($B$101 + A108 - 1)/(A108*($B$102+1))) * E107 -> 0.11792229 | F108: =E108*$C$98 -> 1508.344 | G108: =IF(C108>0, B108*LN(C108), 0) -> -5195.9164 | H108: =IF(E108>0, B108*LN(E108), 0) -> -4730.7953 | I108: =B108/C98 -> 0.17301227
A109: 3 | B109: 1186 | C109: =($B$103/A109) * C108 -> 0.15247265 | D109: =C109*$C$98 -> 1950.2777 | E109: =(($B$101 + A109 - 1)/(A109*($B$102+1))) * E108 -> 0.096861737 | F109: =E109*$C$98 -> 1238.9585 | G109: =IF(C109>0, B109*LN(C109), 0) -> -2230.5932 | H109: =IF(E109>0, B109*LN(E109), 0) -> -2768.6823 | I109: =B109/C98 -> 0.092721445
A110: 4 | B110: 803 | C110: =($B$103/A110) * C109 -> 0.18244329 | D110: =C110*$C$98 -> 2333.6321 | E110: =(($B$101 + A110 - 1)/(A110*($B$102+1))) * E109 -> 0.079780043 | F110: =E110*$C$98 -> 1020.4665 | G110: =IF(C110>0, B110*LN(C110), 0) -> -1366.1567 | H110: =IF(E110>0, B110*LN(E110), 0) -> -2030.371 | I110: =B110/C98 -> 0.062778516
A111: 5 | B111: 545 | C111: =($B$103/A111) * C110 -> 0.17464405 | D111: =C111*$C$98 -> 2233.8721 | E111: =(($B$101 + A111 - 1)/(A111*($B$102+1))) * E110 -> 0.065818218 | F111: =E111*$C$98 -> 841.88083 | G111: =IF(C111>0, B111*LN(C111), 0) -> -951.02792 | H111: =IF(E111>0, B111*LN(E111), 0) -> -1482.8679 | I111: =B111/C98 -> 0.042608084
A112: 6 | B112: 372 | C112: =($B$103/A112) * C111 -> 0.13931519 | D112: =C112*$C$98 -> 1781.9806 | E112: =(($B$101 + A112 - 1)/(A112*($B$102+1))) * E111 -> 0.054358888 | F112: =E112*$C$98 -> 695.30453 | G112: =IF(C112>0, B112*LN(C112), 0) -> -733.21808 | H112: =IF(E112>0, B112*LN(E112), 0) -> -1083.3187 | I112: =B112/C98 -> 0.029082949
A113: 7 | B113: 314 | C113: =($B$103/A113) * C112 -> 0.09525688 | D113: =C113*$C$98 -> 1218.4308 | E113: =(($B$101 + A113 - 1)/(A113*($B$102+1))) * E112 -> 0.044929569 | F113: =E113*$C$98 -> 574.69411 | G113: =IF(C113>0, B113*LN(C113), 0) -> -738.2699 | H113: =IF(E113>0, B113*LN(E113), 0) -> -974.23497 | I113: =B113/C98 -> 0.024548511
A114: 8 | B114: 258 | C114: =($B$103/A114) * C113 -> 0.056990476 | D114: =C114*$C$98 -> 728.96518 | E114: =(($B$101 + A114 - 1)/(A114*($B$102+1))) * E113 -> 0.037157518 | F114: =E114*$C$98 -> 475.28182 | G114: =IF(C114>0, B114*LN(C114), 0) -> -739.13675 | H114: =IF(E114>0, B114*LN(E114), 0) -> -849.488 | I114: =B114/C98 -> 0.020170432
A115: 9 | B115: 209 | C115: =($B$103/A115) * C114 -> 0.03030789 | D115: =C115*$C$98 -> 387.66822 | E115: =(($B$101 + A115 - 1)/(A115*($B$102+1))) * E114 -> 0.030743807 | F115: =E115*$C$98 -> 393.24403 | G115: =IF(C115>0, B115*LN(C115), 0) -> -730.73657 | H115: =IF(E115>0, B115*LN(E115), 0) -> -727.75194 | I115: =B115/C98 -> 0.016339614
A116: 10 | B116: 149 | C116: =($B$103/A116) * C115 -> 0.014506132 | D116: =C116*$C$98 -> 185.54793 | E116: =(($B$101 + A116 - 1)/(A116*($B$102+1))) * E115 -> 0.025446363 | F116: =E116*$C$98 -> 325.48443 | G116: =IF(C116>0, B116*LN(C116), 0) -> -630.74439 | H116: =IF(E116>0, B116*LN(E116), 0) -> -547.00619 | I116: =B116/C98 -> 0.011648816
A117: 11 | B117: 136 | C117: =($B$103/A117) * C116 -> 0.0063118236 | D117: =C117*$C$98 -> 80.734535 | E117: =(($B$101 + A117 - 1)/(A117*($B$102+1))) * E116 -> 0.021067951 | F117: =E117*$C$98 -> 269.48016 | G117: =IF(C117>0, B117*LN(C117), 0) -> -688.88497 | H117: =IF(E117>0, B117*LN(E117), 0) -> -524.96031 | I117: =B117/C98 -> 0.010632476
A118: 12 | B118: 138 | C118: =($B$103/A118) * C117 -> 0.0025175003 | D118: =C118*$C$98 -> 32.201346 | E118: =(($B$101 + A118 - 1)/(A118*($B$102+1))) * E117 -> 0.017447209 | F118: =E118*$C$98 -> 223.16725 | G118: =IF(C118>0, B118*LN(C118), 0) -> -825.85946 | H118: =IF(E118>0, B118*LN(E118), 0) -> -558.70343 | I118: =B118/C98 -> 0.010788836
A119: 13 | B119: 99 | C119: =($B$103/A119) * C118 -> 0.00092687698 | D119: =C119*$C$98 -> 11.855683 | E119: =(($B$101 + A119 - 1)/(A119*($B$102+1))) * E118 -> 0.014451742 | F119: =E119*$C$98 -> 184.85223 | G119: =IF(C119>0, B119*LN(C119), 0) -> -691.38528 | H119: =IF(E119>0, B119*LN(E119), 0) -> -419.45709 | I119: =B119/C98 -> 0.0077398171
A120: 14 | B120: 89 | C120: =($B$103/A120) * C119 -> 0.00031687646 | D120: =C120*$C$98 -> 4.0531668 | E120: =(($B$101 + A120 - 1)/(A120*($B$102+1))) * E119 -> 0.011972699 | F120: =E120*$C$98 -> 153.14279 | G120: =IF(C120>0, B120*LN(C120), 0) -> -717.07287 | H120: =IF(E120>0, B120*LN(E120), 0) -> -393.83624 | I120: =B120/C98 -> 0.0069580174
A121: 15 | B121: 93 | C121: =($B$103/A121) * C120 -> 0.00010111012 | D121: =C121*$C$98 -> 1.2932996 | E121: =(($B$101 + A121 - 1)/(A121*($B$102+1))) * E120 -> 0.0099204454 | F121: =E121*$C$98 -> 126.89242 | G121: =IF(C121>0, B121*LN(C121), 0) -> -855.53493 | H121: =IF(E121>0, B121*LN(E121), 0) -> -429.02364 | I121: =B121/C98 -> 0.0072707372
A122: 16 | B122: 70 | C122: =($B$103/A122) * C121 -> 3.0246183e-05 | D122: =C122*$C$98 -> 0.38687893 | E122: =(($B$101 + A122 - 1)/(A122*($B$102+1))) * E121 -> 0.008221085 | F122: =E122*$C$98 -> 105.1559 | G122: =IF(C122>0, B122*LN(C122), 0) -> -728.42984 | H122: =IF(E122>0, B122*LN(E122), 0) -> -336.07372 | I122: =B122/C98 -> 0.0054725979
A123: 17 | B123: 54 | C123: =($B$103/A123) * C122 -> 8.5156456e-06 | D123: =C123*$C$98 -> 0.10892362 | E123: =(($B$101 + A123 - 1)/(A123*($B$102+1))) * E122 -> 0.0068136374 | F123: =E123*$C$98 -> 87.153235 | G123: =IF(C123>0, B123*LN(C123), 0) -> -630.37469 | H123: =IF(E123>0, B123*LN(E123), 0) -> -269.39678 | I123: =B123/C98 -> 0.0042217184
A124: 18 | B124: 62 | C124: =($B$103/A124) * C123 -> 2.2643366e-06 | D124: =C124*$C$98 -> 0.02896313 | E124: =(($B$101 + A124 - 1)/(A124*($B$102+1))) * E123 -> 0.0056477444 | F124: =E124*$C$98 -> 72.240299 | G124: =IF(C124>0, B124*LN(C124), 0) -> -805.89018 | H124: =IF(E124>0, B124*LN(E124), 0) -> -320.94294 | I124: =B124/C98 -> 0.0048471582
A125: 19 | B125: 54 | C125: =($B$103/A125) * C124 -> 5.7040498e-07 | D125: =C125*$C$98 -> 0.0072960501 | E125: =(($B$101 + A125 - 1)/(A125*($B$102+1))) * E124 -> 0.0046817944 | F125: =E125*$C$98 -> 59.884832 | G125: =IF(C125>0, B125*LN(C125), 0) -> -776.35364 | H125: =IF(E125>0, B125*LN(E125), 0) -> -289.65999 | I125: =B125/C98 -> 0.0042217184
A126: 20 | B126: 43 | C126: =($B$103/A126) * C125 -> 1.3650521e-07 | D126: =C126*$C$98 -> 0.0017460382 | E126: =(($B$101 + A126 - 1)/(A126*($B$102+1))) * E125 -> 0.0038813856 | F126: =E126*$C$98 -> 49.646803 | G126: =IF(C126>0, B126*LN(C126), 0) -> -679.69683 | H126: =IF(E126>0, B126*LN(E126), 0) -> -238.71721 | I126: =B126/C98 -> 0.0033617387
A127: 21 | B127: 46 | C127: =($B$103/A127) * C126 -> 3.1111852e-08 | D127: =C127*$C$98 -> 0.0003979517 | E127: =(($B$101 + A127 - 1)/(A127*($B$102+1))) * E126 -> 0.0032180653 | F127: =E127*$C$98 -> 41.162273 | G127: =IF(C127>0, B127*LN(C127), 0) -> -795.14114 | H127: =IF(E127>0, B127*LN(E127), 0) -> -263.99285 | I127: =B127/C98 -> 0.0035962786
A128: 22 | B128: 44 | C128: =($B$103/A128) * C127 -> 6.7686039e-09 | D128: =C128*$C$98 -> 8.6577213e-05 | E128: =(($B$101 + A128 - 1)/(A128*($B$102+1))) * E127 -> 0.0026682926 | F128: =E128*$C$98 -> 34.130131 | G128: =IF(C128>0, B128*LN(C128), 0) -> -827.68272 | H128: =IF(E128>0, B128*LN(E128), 0) -> -260.75792 | I128: =B128/C98 -> 0.0034399187
A129: 23 | B129: 21 | C129: =($B$103/A129) * C128 -> 1.4085335e-09 | D129: =C129*$C$98 -> 1.8016552e-05 | E129: =(($B$101 + A129 - 1)/(A129*($B$102+1))) * E128 -> 0.002212585 | F129: =E129*$C$98 -> 28.301175 | G129: =IF(C129>0, B129*LN(C129), 0) -> -427.99505 | H129: =IF(E129>0, B129*LN(E129), 0) -> -128.38547 | I129: =B129/C98 -> 0.0016417794
A130: 24 | B130: 24 | C130: =($B$103/A130) * C129 -> 2.8090008e-10 | D130: =C130*$C$98 -> 3.5929929e-06 | E130: =(($B$101 + A130 - 1)/(A130*($B$102+1))) * E129 -> 0.0018348139 | F130: =E130*$C$98 -> 23.469105 | G130: =IF(C130>0, B130*LN(C130), 0) -> -527.83253 | H130: =IF(E130>0, B130*LN(E130), 0) -> -151.21949 | I130: =B130/C98 -> 0.0018763193
A131: 25 | B131: 22 | C131: =($B$103/A131) * C130 -> 5.3778387e-11 | D131: =C131*$C$98 -> 6.8787935e-07 | E131: =(($B$101 + A131 - 1)/(A131*($B$102+1))) * E130 -> 0.0015216249 | F131: =E131*$C$98 -> 19.463105 | G131: =IF(C131>0, B131*LN(C131), 0) -> -520.21529 | H131: =IF(E131>0, B131*LN(E131), 0) -> -142.73548 | I131: =B131/C98 -> 0.0017199593
A132: 26 | B132: 35 | C132: =($B$103/A132) * C131 -> 9.8998895e-12 | D132: =C132*$C$98 -> 1.2662949e-07 | E132: =(($B$101 + A132 - 1)/(A132*($B$102+1))) * E131 -> 0.0012619581 | F132: =E132*$C$98 -> 16.141705 | G132: =IF(C132>0, B132*LN(C132), 0) -> -886.84741 | H132: =IF(E132>0, B132*LN(E132), 0) -> -233.62818 | I132: =B132/C98 -> 0.002736299
A133: 27 | B133: 21 | C133: =($B$103/A133) * C132 -> 1.7549409e-12 | D133: =C133*$C$98 -> 2.2447449e-08 | E133: =(($B$101 + A133 - 1)/(A133*($B$102+1))) * E132 -> 0.001046652 | F133: =E133*$C$98 -> 13.387726 | G133: =IF(C133>0, B133*LN(C133), 0) -> -568.4403 | H133: =IF(E133>0, B133*LN(E133), 0) -> -144.10533 | I133: =B133/C98 -> 0.0016417794
A134: 28 | B134: 21 | C134: =($B$103/A134) * C133 -> 2.9998559e-13 | D134: =C134*$C$98 -> 3.8371157e-09 | E134: =(($B$101 + A134 - 1)/(A134*($B$102+1))) * E133 -> 0.00086811724 | F134: =E134*$C$98 -> 11.104088 | G134: =IF(C134>0, B134*LN(C134), 0) -> -605.53588 | H134: =IF(E134>0, B134*LN(E134), 0) -> -148.03286 | I134: =B134/C98 -> 0.0016417794
A135: 29 | B135: 19 | C135: =($B$103/A135) * C134 -> 4.9510614e-14 | D135: =C135*$C$98 -> 6.3329027e-10 | E135: =(($B$101 + A135 - 1)/(A135*($B$102+1))) * E134 -> 0.00072006519 | F135: =E135*$C$98 -> 9.2103539 | G135: =IF(C135>0, B135*LN(C135), 0) -> -582.0952 | H135: =IF(E135>0, B135*LN(E135), 0) -> -137.48721 | I135: =B135/C98 -> 0.0014854194
A136: 30 | B136: 14 | C136: =($B$103/A136) * C135 -> 7.8990158e-15 | D136: =C136*$C$98 -> 1.0103631e-10 | E136: =(($B$101 + A136 - 1)/(A136*($B$102+1))) * E135 -> 0.00059728482 | F136: =E136*$C$98 -> 7.6398701 | G136: =IF(C136>0, B136*LN(C136), 0) -> -454.60854 | H136: =IF(E136>0, B136*LN(E136), 0) -> -103.92363 | I136: =B136/C98 -> 0.0010945196
A137: 31 | B137: 22 | C137: =($B$103/A137) * C136 -> 1.2195713e-15 | D137: =C137*$C$98 -> 1.5599537e-11 | E137: =(($B$101 + A137 - 1)/(A137*($B$102+1))) * E136 -> 0.00049545738 | F137: =E137*$C$98 -> 6.3373953 | G137: =IF(C137>0, B137*LN(C137), 0) -> -755.48609 | H137: =IF(E137>0, B137*LN(E137), 0) -> -167.42064 | I137: =B137/C98 -> 0.0017199593
A138: 32 | B138: 11 | C138: =($B$103/A138) * C137 -> 1.8241189e-16 | D138: =C138*$C$98 -> 2.3332305e-12 | E138: =(($B$101 + A138 - 1)/(A138*($B$102+1))) * E137 -> 0.00041100334 | F138: =E138*$C$98 -> 5.2571437 | G138: =IF(C138>0, B138*LN(C138), 0) -> -398.64291 | H138: =IF(E138>0, B138*LN(E138), 0) -> -85.766001 | I138: =B138/C98 -> 0.00085997967
A139: 33 | B139: 8 | C139: =($B$103/A139) * C138 -> 2.6456667e-17 | D139: =C139*$C$98 -> 3.3840723e-13 | E139: =(($B$101 + A139 - 1)/(A139*($B$102+1))) * E138 -> 0.00034095554 | F139: =E139*$C$98 -> 4.3611623 | G139: =IF(C139>0, B139*LN(C139), 0) -> -305.36819 | H139: =IF(E139>0, B139*LN(E139), 0) -> -63.870068 | I139: =B139/C98 -> 0.00062543976
A140: 34 | B140: 17 | C140: =($B$103/A140) * C139 -> 3.7243641e-18 | D140: =C140*$C$98 -> 4.7638341e-14 | E140: =(($B$101 + A140 - 1)/(A140*($B$102+1))) * E139 -> 0.00028285427 | F140: =E140*$C$98 -> 3.6179889 | G140: =IF(C140>0, B140*LN(C140), 0) -> -682.2378 | H140: =IF(E140>0, B140*LN(E140), 0) -> -138.89984 | I140: =B140/C98 -> 0.0013290595
A141: 35 | B141: 9 | C141: =($B$103/A141) * C140 -> 5.0930743e-19 | D141: =C141*$C$98 -> 6.5145513e-15 | E141: =(($B$101 + A141 - 1)/(A141*($B$102+1))) * E140 -> 0.00023466027 | F141: =E141*$C$98 -> 3.0015395 | G141: =IF(C141>0, B141*LN(C141), 0) -> -379.09112 | H141: =IF(E141>0, B141*LN(E141), 0) -> -75.216346 | I141: =B141/C98 -> 0.00070361973
A142: 36 | B142: 12 | C142: =($B$103/A142) * C141 -> 6.7713214e-20 | D142: =C142*$C$98 -> 8.6611972e-16 | E142: =(($B$101 + A142 - 1)/(A142*($B$102+1))) * E141 -> 0.00019468281 | F142: =E142*$C$98 -> 2.4901878 | G142: =IF(C142>0, B142*LN(C142), 0) -> -529.66807 | H142: =IF(E142>0, B142*LN(E142), 0) -> -102.52967 | I142: =B142/C98 -> 0.00093815964
A143: 37 | B143: 10 | C143: =($B$103/A143) * C142 -> 8.7592642e-21 | D143: =C143*$C$98 -> 1.1203975e-16 | E143: =(($B$101 + A143 - 1)/(A143*($B$102+1))) * E142 -> 0.00016151997 | F143: =E143*$C$98 -> 2.0660019 | G143: =IF(C143>0, B143*LN(C143), 0) -> -461.84175 | H143: =IF(E143>0, B143*LN(E143), 0) -> -87.308818 | I143: =B143/C98 -> 0.0007817997
A144: 38 | B144: 11 | C144: =($B$103/A144) * C143 -> 1.1032653e-21 | D144: =C144*$C$98 -> 1.4111866e-17 | E144: =(($B$101 + A144 - 1)/(A144*($B$102+1))) * E143 -> 0.00013400928 | F144: =E144*$C$98 -> 1.7141127 | G144: =IF(C144>0, B144*LN(C144), 0) -> -530.81614 | H144: =IF(E144>0, B144*LN(E144), 0) -> -98.093617 | I144: =B144/C98 -> 0.00085997967
A145: 39 | B145: 4 | C145: =($B$103/A145) * C144 -> 1.3539769e-22 | D145: =C145*$C$98 -> 1.7318719e-18 | E145: =(($B$101 + A145 - 1)/(A145*($B$102+1))) * E144 -> 0.00011118675 | F145: =E145*$C$98 -> 1.4221897 | G145: =IF(C145>0, B145*LN(C145), 0) -> -201.4153 | H145: =IF(E145>0, B145*LN(E145), 0) -> -36.417197 | I145: =B145/C98 -> 0.00031271988
A146: 40 | B146: 8 | C146: =($B$103/A146) * C145 -> 1.62012e-23 | D146: =C146*$C$98 -> 2.0722955e-19 | E146: =(($B$101 + A146 - 1)/(A146*($B$102+1))) * E145 -> 9.2252947e-05 | F146: =E146*$C$98 -> 1.1800074 | G146: =IF(C146>0, B146*LN(C146), 0) -> -419.81566 | H146: =IF(E146>0, B146*LN(E146), 0) -> -74.327811 | I146: =B146/C98 -> 0.00062543976
A147: 41 | B147: 5 | C147: =($B$103/A147) * C146 -> 1.8912949e-24 | D147: =C147*$C$98 -> 2.4191553e-20 | E147: =(($B$101 + A147 - 1)/(A147*($B$102+1))) * E146 -> 7.6544864e-05 | F147: =E147*$C$98 -> 0.97908536 | G147: =IF(C147>0, B147*LN(C147), 0) -> -273.1239 | H147: =IF(E147>0, B147*LN(E147), 0) -> -47.388168 | I147: =B147/C98 -> 0.00039089985
A148: 42 | B148: 9 | C148: =($B$103/A148) * C147 -> 2.1552908e-25 | D148: =C148*$C$98 -> 2.7568325e-21 | E148: =(($B$101 + A148 - 1)/(A148*($B$102+1))) * E147 -> 6.3512624e-05 | F148: =E148*$C$98 -> 0.81238998 | G148: =IF(C148>0, B148*LN(C148), 0) -> -511.17031 | H148: =IF(E148>0, B148*LN(E148), 0) -> -86.978447 | I148: =B148/C98 -> 0.00070361973
A149: 43 | B149: 13 | C149: =($B$103/A149) * C148 -> 2.3990171e-26 | D149: =C149*$C$98 -> 3.0685828e-22 | E149: =(($B$101 + A149 - 1)/(A149*($B$102+1))) * E148 -> 5.2700152e-05 | F149: =E149*$C$98 -> 0.67408765 | G149: =IF(C149>0, B149*LN(C149), 0) -> -766.89799 | H149: =IF(E149>0, B149*LN(E149), 0) -> -128.0616 | I149: =B149/C98 -> 0.0010163396
A150: 44 | B150: 10 | C150: =($B$103/A150) * C149 -> 2.6096159e-27 | D150: =C150*$C$98 -> 3.3379597e-23 | E150: =(($B$101 + A150 - 1)/(A150*($B$102+1))) * E149 -> 4.372916e-05 | F150: =E150*$C$98 -> 0.55933969 | G150: =IF(C150>0, B150*LN(C150), 0) -> -612.10594 | H150: =IF(E150>0, B150*LN(E150), 0) -> -100.37495 | I150: =B150/C98 -> 0.0007817997
A151: 45 | B151: 4 | C151: =($B$103/A151) * C150 -> 2.7756199e-28 | D151: =C151*$C$98 -> 3.5502955e-24 | E151: =(($B$101 + A151 - 1)/(A151*($B$102+1))) * E150 -> 3.6285869e-05 | F151: =E151*$C$98 -> 0.46413254 | G151: =IF(C151>0, B151*LN(C151), 0) -> -253.80603 | H151: =IF(E151>0, B151*LN(E151), 0) -> -40.896329 | I151: =B151/C98 -> 0.00031271988
A152: 46 | B152: 4 | C152: =($B$103/A152) * C151 -> 2.888006e-29 | D152: =C152*$C$98 -> 3.6940484e-25 | E152: =(($B$101 + A152 - 1)/(A152*($B$102+1))) * E151 -> 3.0109998e-05 | F152: =E152*$C$98 -> 0.38513698 | G152: =IF(C152>0, B152*LN(C152), 0) -> -262.85761 | H152: =IF(E152>0, B152*LN(E152), 0) -> -41.642613 | I152: =B152/C98 -> 0.00031271988
A153: 47 | B153: 4 | C153: =($B$103/A153) * C152 -> 2.9410076e-30 | D153: =C153*$C$98 -> 3.7618428e-26 | E153: =(($B$101 + A153 - 1)/(A153*($B$102+1))) * E152 -> 2.4985638e-05 | F153: =E153*$C$98 -> 0.3195913 | G153: =IF(C153>0, B153*LN(C153), 0) -> -271.9952 | H153: =IF(E153>0, B153*LN(E153), 0) -> -42.388837 | I153: =B153/C98 -> 0.00031271988
A154: 48 | B154: 10 | C154: =($B$103/A154) * C153 -> 2.9325865e-31 | D154: =C154*$C$98 -> 3.7510714e-27 | E154: =(($B$101 + A154 - 1)/(A154*($B$102+1))) * E153 -> 2.0733682e-05 | F154: =E154*$C$98 -> 0.26520452 | G154: =IF(C154>0, B154*LN(C154), 0) -> -703.04253 | H154: =IF(E154>0, B154*LN(E154), 0) -> -107.83751 | I154: =B154/C98 -> 0.0007817997
A155: 49 | B155: 9 | C155: =($B$103/A155) * C154 -> 2.8645122e-32 | D155: =C155*$C$98 -> 3.6639975e-28 | E155: =(($B$101 + A155 - 1)/(A155*($B$102+1))) * E154 -> 1.7205544e-05 | F155: =E155*$C$98 -> 0.22007611 | G155: =IF(C155>0, B155*LN(C155), 0) -> -653.67292 | H155: =IF(E155>0, B155*LN(E155), 0) -> -98.73251 | I155: =B155/C98 -> 0.00070361973
A156: 50 | B156: 10 | C156: =($B$103/A156) * C155 -> 2.7420577e-33 | D156: =C156*$C$98 -> 3.507366e-29 | E156: =(($B$101 + A156 - 1)/(A156*($B$102+1))) * E155 -> 1.4277959e-05 | F156: =E156*$C$98 -> 0.18262937 | G156: =IF(C156>0, B156*LN(C156), 0) -> -749.76599 | H156: =IF(E156>0, B156*LN(E156), 0) -> -111.56794 | I156: =B156/C98 -> 0.0007817997
A157: 51 | B157: 5 | C157: =($B$103/A157) * C156 -> 2.5733706e-34 | D157: =C157*$C$98 -> 3.2915983e-30 | E157: =(($B$101 + A157 - 1)/(A157*($B$102+1))) * E156 -> 1.1848664e-05 | F157: =E157*$C$98 -> 0.15155626 | G157: =IF(C157>0, B157*LN(C157), 0) -> -386.71338 | H157: =IF(E157>0, B157*LN(E157), 0) -> -56.716477 | I157: =B157/C98 -> 0.00039089985
A158: 53 | B158: 2 | C158: =($B$103/A158) * C157 -> 2.3239265e-35 | D158: =C158*$C$98 -> 2.9725343e-31 | E158: =(($B$101 + A158 - 1)/(A158*($B$102+1))) * E157 -> 9.8329329e-06 | F158: =E158*$C$98 -> 0.12577304 | G158: =IF(C158>0, B158*LN(C158), 0) -> -159.49444 | H158: =IF(E158>0, B158*LN(E158), 0) -> -23.059547 | I158: =B158/C98 -> 0.00015635994
A159: 54 | B159: 1 | C159: =($B$103/A159) * C158 -> 2.0597976e-36 | D159: =C159*$C$98 -> 2.6346871e-32 | E159: =(($B$101 + A159 - 1)/(A159*($B$102+1))) * E158 -> 8.1602168e-06 | F159: =E159*$C$98 -> 0.10437733 | G159: =IF(C159>0, B159*LN(C159), 0) -> -82.170456 | H159: =IF(E159>0, B159*LN(E159), 0) -> -11.71624 | I159: =B159/C98 -> 7.817997e-05
A160: 55 | B160: 2 | C160: =($B$103/A160) * C159 -> 1.7924943e-37 | D160: =C160*$C$98 -> 2.2927794e-33 | E160: =(($B$101 + A160 - 1)/(A160*($B$102+1))) * E159 -> 6.7721265e-06 | F160: =E160*$C$98 -> 0.08662227 | G160: =IF(C160>0, B160*LN(C160), 0) -> -169.22408 | H160: =IF(E160>0, B160*LN(E160), 0) -> -23.805391 | I160: =B160/C98 -> 0.00015635994
A161: 56 | B161: 2 | C161: =($B$103/A161) * C160 -> 1.5320243e-38 | D161: =C161*$C$98 -> 1.9596123e-34 | E161: =(($B$101 + A161 - 1)/(A161*($B$102+1))) * E160 -> 5.620216e-06 | F161: =E161*$C$98 -> 0.071888183 | G161: =IF(C161>0, B161*LN(C161), 0) -> -174.14329 | H161: =IF(E161>0, B161*LN(E161), 0) -> -24.178281 | I161: =B161/C98 -> 0.00015635994
A162: 57 | B162: 3 | C162: =($B$103/A162) * C161 -> 1.2864317e-39 | D162: =C162*$C$98 -> 1.6454748e-35 | E162: =(($B$101 + A162 - 1)/(A162*($B$102+1))) * E161 -> 4.6642882e-06 | F162: =E162*$C$98 -> 0.05966091 | G162: =IF(C162>0, B162*LN(C162), 0) -> -268.64684 | H162: =IF(E162>0, B162*LN(E162), 0) -> -36.826726 | I162: =B162/C98 -> 0.00023453991
A163: 58 | B163: 1 | C163: =($B$103/A163) * C162 -> 1.0615847e-40 | D163: =C163*$C$98 -> 1.357873e-36 | E163: =(($B$101 + A163 - 1)/(A163*($B$102+1))) * E162 -> 3.8709896e-06 | F163: =E163*$C$98 -> 0.049513828 | G163: =IF(C163>0, B163*LN(C163), 0) -> -92.043641 | H163: =IF(E163>0, B163*LN(E163), 0) -> -12.462 | I163: =B163/C98 -> 7.817997e-05
A164: 59 | B164: 3 | C164: =($B$103/A164) * C163 -> 8.6118918e-42 | D164: =C164*$C$98 -> 1.1015471e-37 | E164: =(($B$101 + A164 - 1)/(A164*($B$102+1))) * E163 -> 3.2126451e-06 | F164: =E164*$C$98 -> 0.041092943 | G164: =IF(C164>0, B164*LN(C164), 0) -> -283.66629 | H164: =IF(E164>0, B164*LN(E164), 0) -> -37.945248 | I164: =B164/C98 -> 0.00023453991
A165: 60 | B165: 2 | C165: =($B$103/A165) * C164 -> 6.8697864e-43 | D165: =C165*$C$98 -> 8.7871438e-39 | E165: =(($B$101 + A165 - 1)/(A165*($B$102+1))) * E164 -> 2.6662906e-06 | F165: =E165*$C$98 -> 0.034104523 | G165: =IF(C165>0, B165*LN(C165), 0) -> -194.16805 | H165: =IF(E165>0, B165*LN(E165), 0) -> -25.669645 | I165: =B165/C98 -> 0.00015635994
A166: 61 | B166: 2 | C166: =($B$103/A166) * C165 -> 5.3902551e-44 | D166: =C166*$C$98 -> 6.8946753e-40 | E166: =(($B$101 + A166 - 1)/(A166*($B$102+1))) * E165 -> 2.2128709e-06 | F166: =E166*$C$98 -> 0.028304831 | G166: =IF(C166>0, B166*LN(C166), 0) -> -199.2583 | H166: =IF(E166>0, B166*LN(E166), 0) -> -26.04244 | I166: =B166/C98 -> 0.00015635994
A167: 62 | B167: 4 | C167: =($B$103/A167) * C166 -> 4.1611517e-45 | D167: =C167*$C$98 -> 5.3225292e-41 | E167: =(($B$101 + A167 - 1)/(A167*($B$102+1))) * E166 -> 1.8365738e-06 | F167: =E167*$C$98 -> 0.023491616 | G167: =IF(C167>0, B167*LN(C167), 0) -> -408.76215 | H167: =IF(E167>0, B167*LN(E167), 0) -> -52.830435 | I167: =B167/C98 -> 0.00031271988
A168: 63 | B168: 3 | C168: =($B$103/A168) * C167 -> 3.1613234e-46 | D168: =C168*$C$98 -> 4.0436487e-42 | E168: =(($B$101 + A168 - 1)/(A168*($B$102+1))) * E167 -> 1.5242784e-06 | F168: =E168*$C$98 -> 0.019497046 | G168: =IF(C168>0, B168*LN(C168), 0) -> -314.30377 | H168: =IF(E168>0, B168*LN(E168), 0) -> -40.181968 | I168: =B168/C98 -> 0.00023453991
A169: 64 | B169: 2 | C169: =($B$103/A169) * C168 -> 2.3642036e-47 | D169: =C169*$C$98 -> 3.0240528e-43 | E169: =(($B$101 + A169 - 1)/(A169*($B$102+1))) * E168 -> 1.2650967e-06 | F169: =E169*$C$98 -> 0.016181852 | G169: =IF(C169>0, B169*LN(C169), 0) -> -214.72212 | H169: =IF(E169>0, B169*LN(E169), 0) -> -27.160724 | I169: =B169/C98 -> 0.00015635994
A170: 65 | B170: 7 | C170: =($B$103/A170) * C169 -> 1.7408744e-48 | D170: =C170*$C$98 -> 2.2267524e-44 | E170: =(($B$101 + A170 - 1)/(A170*($B$102+1))) * E169 -> 1.0499933e-06 | F170: =E170*$C$98 -> 0.013430465 | G170: =IF(C170>0, B170*LN(C170), 0) -> -769.78788 | H170: =IF(E170>0, B170*LN(E170), 0) -> -96.367087 | I170: =B170/C98 -> 0.00054725979
A171: 66 | B171: 2 | C171: =($B$103/A171) * C170 -> 1.2624652e-49 | D171: =C171*$C$98 -> 1.6148192e-45 | E171: =(($B$101 + A171 - 1)/(A171*($B$102+1))) * E170 -> 8.714704e-07 | F171: =E171*$C$98 -> 0.011146978 | G171: =IF(C171>0, B171*LN(C171), 0) -> -225.18721 | H171: =IF(E171>0, B171*LN(E171), 0) -> -27.906168 | I171: =B171/C98 -> 0.00015635994
A172: 67 | B172: 1 | C172: =($B$103/A172) * C171 -> 9.0186293e-51 | D172: =C172*$C$98 -> 1.1535729e-46 | E172: =(($B$101 + A172 - 1)/(A172*($B$102+1))) * E171 -> 7.2330576e-07 | F172: =E172*$C$98 -> 0.009251804 | G172: =IF(C172>0, B172*LN(C172), 0) -> -115.23255 | H172: =IF(E172>0, B172*LN(E172), 0) -> -14.139434 | I172: =B172/C98 -> 7.817997e-05
A173: 68 | B173: 3 | C173: =($B$103/A173) * C172 -> 6.347863e-52 | D173: =C173*$C$98 -> 8.1195515e-48 | E173: =(($B$101 + A173 - 1)/(A173*($B$102+1))) * E172 -> 6.0033589e-07 | F173: =E173*$C$98 -> 0.0076788964 | G173: =IF(C173>0, B173*LN(C173), 0) -> -353.65892 | H173: =IF(E173>0, B173*LN(E173), 0) -> -42.97733 | I173: =B173/C98 -> 0.00023453991
A174: 70 | B174: 2 | C174: =($B$103/A174) * C173 -> 4.3403567e-53 | D174: =C174*$C$98 -> 5.5517503e-49 | E174: =(($B$101 + A174 - 1)/(A174*($B$102+1))) * E173 -> 4.9827903e-07 | F174: =E174*$C$98 -> 0.0063734871 | G174: =IF(C174>0, B174*LN(C174), 0) -> -241.13811 | H174: =IF(E174>0, B174*LN(E174), 0) -> -29.024211 | I174: =B174/C98 -> 0.00015635994
A175: 72 | B175: 1 | C175: =($B$103/A175) * C174 -> 2.8852859e-54 | D175: =C175*$C$98 -> 3.6905691e-50 | E175: =(($B$101 + A175 - 1)/(A175*($B$102+1))) * E174 -> 4.1357713e-07 | F175: =E175*$C$98 -> 0.005290065 | G175: =IF(C175>0, B175*LN(C175), 0) -> -123.27997 | H175: =IF(E175>0, B175*LN(E175), 0) -> -14.698422 | I175: =B175/C98 -> 7.817997e-05
A176: 74 | B176: 1 | C176: =($B$103/A176) * C175 -> 1.8661779e-55 | D176: =C176*$C$98 -> 2.3870282e-51 | E176: =(($B$101 + A176 - 1)/(A176*($B$102+1))) * E175 -> 3.4327779e-07 | F176: =E176*$C$98 -> 0.0043908662 | G176: =IF(C176>0, B176*LN(C176), 0) -> -126.01829 | H176: =IF(E176>0, B176*LN(E176), 0) -> -14.884726 | I176: =B176/C98 -> 7.817997e-05
A177: 75 | B177: 2 | C177: =($B$103/A177) * C176 -> 1.190934e-56 | D177: =C177*$C$98 -> 1.5233237e-52 | E177: =(($B$101 + A177 - 1)/(A177*($B$102+1))) * E176 -> 2.8492952e-07 | F177: =E177*$C$98 -> 0.0036445334 | G177: =IF(C177>0, B177*LN(C177), 0) -> -257.54005 | H177: =IF(E177>0, B177*LN(E177), 0) -> -30.142048 | I177: =B177/C98 -> 0.00015635994
A178: 78 | B178: 1 | C178: =($B$103/A178) * C177 -> 7.3078399e-58 | D178: =C178*$C$98 -> 9.347458e-54 | E178: =(($B$101 + A178 - 1)/(A178*($B$102+1))) * E177 -> 2.3650286e-07 | F178: =E178*$C$98 -> 0.0030251081 | G178: =IF(C178>0, B178*LN(C178), 0) -> -131.56099 | H178: =IF(E178>0, B178*LN(E178), 0) -> -15.257306 | I178: =B178/C98 -> 7.817997e-05
A179: 80 | B179: 1 | C179: =($B$103/A179) * C178 -> 4.372149e-59 | D179: =C179*$C$98 -> 5.5924158e-55 | E179: =(($B$101 + A179 - 1)/(A179*($B$102+1))) * E178 -> 1.9630885e-07 | F179: =E179*$C$98 -> 0.0025109865 | G179: =IF(C179>0, B179*LN(C179), 0) -> -134.37727 | H179: =IF(E179>0, B179*LN(E179), 0) -> -15.443577 | I179: =B179/C98 -> 7.817997e-05
A180: 81 | B180: 1 | C180: =($B$103/A180) * C179 -> 2.5834845e-60 | D180: =C180*$C$98 -> 3.304535e-56 | E180: =(($B$101 + A180 - 1)/(A180*($B$102+1))) * E179 -> 1.6294669e-07 | F180: =E180*$C$98 -> 0.0020842511 | G180: =IF(C180>0, B180*LN(C180), 0) -> -137.20597 | H180: =IF(E180>0, B180*LN(E180), 0) -> -15.629843 | I180: =B180/C98 -> 7.817997e-05
A181: 82 | B181: 2 | C181: =($B$103/A181) * C180 -> 1.5079534e-61 | D181: =C181*$C$98 -> 1.9288232e-57 | E181: =(($B$101 + A181 - 1)/(A181*($B$102+1))) * E180 -> 1.35255e-07 | F181: =E181*$C$98 -> 0.0017300467 | G181: =IF(C181>0, B181*LN(C181), 0) -> -280.09387 | H181: =IF(E181>0, B181*LN(E181), 0) -> -31.632208 | I181: =B181/C98 -> 0.00015635994
A182: 83 | B182: 2 | C182: =($B$103/A182) * C181 -> 8.6957241e-63 | D182: =C182*$C$98 -> 1.1122701e-58 | E182: =(($B$101 + A182 - 1)/(A182*($B$102+1))) * E181 -> 1.1226986e-07 | F182: =E182*$C$98 -> 0.0014360438 | G182: =IF(C182>0, B182*LN(C182), 0) -> -285.80006 | H182: =IF(E182>0, B182*LN(E182), 0) -> -32.004721 | I182: =B182/C98 -> 0.00015635994
...

Sheet Observed_vs_Expected
A1: Observed vs Expected — Bills vs Broncos (Combined Threads) | P1: x | Q1: Actual Count (n_x) | R1: Poisson Expected | S1: NBD Expected
A2: Left-truncated at x=1. Proportions conditional on x≥1. Bars = Observed; Line = NBD Expected. | P2: 1 | Q2: 5369 | R2: 510.80585 | S2: 1846.3971
P3: 2 | Q3: 2213 | R3: 1222.4238 | S3: 1508.344
A4: x | B4: Observed Proportion | C4: NBD Expected Proportion | D4: Poisson Expected Proportion | P4: 3 | Q4: 1186 | R4: 1950.2777 | S4: 1238.9585
A5: 1 | B5: =Model_Calculations!I107 -> 0.41974826 | C5: =Model_Calculations!E107/Model_Calculations!E200 -> 0.17596664 | D5: =Model_Calculations!C107/Model_Calculations!C199 -> 0.040270791 | P5: 4 | Q5: 803 | R5: 2333.6321 | S5: 1020.4665
A6: 2 | B6: =Model_Calculations!I108 -> 0.17301227 | C6: =Model_Calculations!E108/Model_Calculations!E200 -> 0.14374926 | D6: =Model_Calculations!C108/Model_Calculations!C199 -> 0.096373158 | P6: 5 | Q6: 545 | R6: 2233.8721 | S6: 841.88083
A7: 3 | B7: =Model_Calculations!I109 -> 0.092721445 | C7: =Model_Calculations!E109/Model_Calculations!E200 -> 0.1180761 | D7: =Model_Calculations!C109/Model_Calculations!C199 -> 0.15375553 | P7: 6 | Q7: 372 | R7: 1781.9806 | S7: 695.30453
A8: 4 | B8: =Model_Calculations!I110 -> 0.062778516 | C8: =Model_Calculations!E110/Model_Calculations!E200 -> 0.097253222 | D8: =Model_Calculations!C110/Model_Calculations!C199 -> 0.18397833 | P8: 7 | Q8: 314 | R8: 1218.4308 | S8: 574.69411
A9: 5 | B9: =Model_Calculations!I111 -> 0.042608084 | C9: =Model_Calculations!E111/Model_Calculations!E200 -> 0.080233522 | D9: =Model_Calculations!C111/Model_Calculations!C199 -> 0.17611348 | P9: 8 | Q9: 258 | R9: 728.96518 | S9: 475.28182
A10: 6 | B10: =Model_Calculations!I112 -> 0.029082949 | C10: =Model_Calculations!E112/Model_Calculations!E200 -> 0.066264404 | D10: =Model_Calculations!C112/Model_Calculations!C199 -> 0.14048737 | P10: 9 | Q10: 209 | R10: 387.66822 | S10: 393.24403
A11: 7 | B11: =Model_Calculations!I113 -> 0.024548511 | C11: =Model_Calculations!E113/Model_Calculations!E200 -> 0.054769904 | D11: =Model_Calculations!C113/Model_Calculations!C199 -> 0.096058356 | P11: 10 | Q11: 149 | R11: 185.54793 | S11: 325.48443
A12: 8 | B12: =Model_Calculations!I114 -> 0.020170432 | C12: =Model_Calculations!E114/Model_Calculations!E200 -> 0.045295643 | D12: =Model_Calculations!C114/Model_Calculations!C199 -> 0.057469985 | P12: 11 | Q12: 136 | R12: 80.734535 | S12: 269.48016
A13: 9 | B13: =Model_Calculations!I115 -> 0.016339614 | C13: =Model_Calculations!E115/Model_Calculations!E200 -> 0.037477221 | D13: =Model_Calculations!C115/Model_Calculations!C199 -> 0.030562895 | P13: 12 | Q13: 138 | R13: 32.201346 | S13: 223.16725
A14: 10 | B14: =Model_Calculations!I116 -> 0.011648816 | C14: =Model_Calculations!E116/Model_Calculations!E200 -> 0.031019547 | D14: =Model_Calculations!C116/Model_Calculations!C199 -> 0.014628184 | P14: 13 | Q14: 99 | R14: 11.855683 | S14: 184.85223
A15: 11 | B15: =Model_Calculations!I117 -> 0.010632476 | C15: =Model_Calculations!E117/Model_Calculations!E200 -> 0.025682189 | D15: =Model_Calculations!C117/Model_Calculations!C199 -> 0.0063649303 | P15: 14 | Q15: 89 | R15: 4.0531668 | S15: 153.14279
A16: 12 | B16: =Model_Calculations!I118 -> 0.010788836 | C16: =Model_Calculations!E118/Model_Calculations!E200 -> 0.021268443 | D16: =Model_Calculations!C118/Model_Calculations!C199 -> 0.0025386821 | P16: 15 | Q16: 93 | R16: 1.2932996 | S16: 126.89242
A17: 13 | B17: =Model_Calculations!I119 -> 0.0077398171 | C17: =Model_Calculations!E119/Model_Calculations!E200 -> 0.017616918 | D17: =Model_Calculations!C119/Model_Calculations!C199 -> 0.00093467557 | P17: 16 | Q17: 70 | R17: 0.38687893 | S17: 105.1559
A18: 14 | B18: =Model_Calculations!I120 -> 0.0069580174 | C18: =Model_Calculations!E120/Model_Calculations!E200 -> 0.014594922 | D18: =Model_Calculations!C120/Model_Calculations!C199 -> 0.00031954261 | P18: 17 | Q18: 54 | R18: 0.10892362 | S18: 87.153235
A19: 15 | B19: =Model_Calculations!I121 -> 0.0072707372 | C19: =Model_Calculations!E121/Model_Calculations!E200 -> 0.012093191 | D19: =Model_Calculations!C121/Model_Calculations!C199 -> 0.00010196085 | P19: 18 | Q19: 62 | R19: 0.02896313 | S19: 72.240299
A20: 16 | B20: =Model_Calculations!I122 -> 0.0054725979 | C20: =Model_Calculations!E122/Model_Calculations!E200 -> 0.010021642 | D20: =Model_Calculations!C122/Model_Calculations!C199 -> 3.050067e-05 | P20: 19 | Q20: 54 | R20: 0.0072960501 | S20: 59.884832
A21: 17 | B21: =Model_Calculations!I123 -> 0.0042217184 | C21: =Model_Calculations!E123/Model_Calculations!E200 -> 0.0083059392 | D21: =Model_Calculations!C123/Model_Calculations!C199 -> 8.5872948e-06 | P21: 20 | Q21: 43 | R21: 0.0017460382 | S21: 49.646803
A22: 18 | B22: =Model_Calculations!I124 -> 0.0048471582 | C22: =Model_Calculations!E124/Model_Calculations!E200 -> 0.006884696 | D22: =Model_Calculations!C124/Model_Calculations!C199 -> 2.2833884e-06 | P22: 21 | Q22: 46 | R22: 0.0003979517 | S22: 41.162273
A23: 19 | B23: =Model_Calculations!I125 -> 0.0042217184 | C23: =Model_Calculations!E125/Model_Calculations!E200 -> 0.0057071866 | D23: =Model_Calculations!C125/Model_Calculations!C199 -> 5.7520428e-07 | P23: 22 | Q23: 44 | R23: 8.6577213e-05 | S23: 34.130131
A24: 20 | B24: =Model_Calculations!I126 -> 0.0033617387 | C24: =Model_Calculations!E126/Model_Calculations!E200 -> 0.0047314747 | D24: =Model_Calculations!C126/Model_Calculations!C199 -> 1.3765375e-07 | P24: 23 | Q24: 21 | R24: 1.8016552e-05 | S24: 28.301175
A25: 21 | B25: =Model_Calculations!I127 -> 0.0035962786 | C25: =Model_Calculations!E127/Model_Calculations!E200 -> 0.003922876 | D25: =Model_Calculations!C127/Model_Calculations!C199 -> 3.1373622e-08 | P25: 24 | Q25: 24 | R25: 3.5929929e-06 | S25: 23.469105
A26: 22 | B26: =Model_Calculations!I128 -> 0.0034399187 | C26: =Model_Calculations!E128/Model_Calculations!E200 -> 0.0032526939 | D26: =Model_Calculations!C128/Model_Calculations!C199 -> 6.8255539e-09 | P26: 25 | Q26: 22 | R26: 6.8787935e-07 | S26: 19.463105
A27: 23 | B27: =Model_Calculations!I129 -> 0.0016417794 | C27: =Model_Calculations!E129/Model_Calculations!E200 -> 0.0026971785 | D27: =Model_Calculations!C129/Model_Calculations!C199 -> 1.4203847e-09 | P27: 26 | Q27: 35 | R27: 1.2662949e-07 | S27: 16.141705
A28: 24 | B28: =Model_Calculations!I130 -> 0.0018763193 | C28: =Model_Calculations!E130/Model_Calculations!E200 -> 0.0022366692 | D28: =Model_Calculations!C130/Model_Calculations!C199 -> 2.8326353e-10 | P28: 27 | Q28: 21 | R28: 2.2447449e-08 | S28: 13.387726
A29: 25 | B29: =Model_Calculations!I131 -> 0.0017199593 | C29: =Model_Calculations!E131/Model_Calculations!E200 -> 0.0018548866 | D29: =Model_Calculations!C131/Model_Calculations!C199 -> 5.423087e-11 | P29: 28 | Q29: 21 | R29: 3.8371157e-09 | S29: 11.104088
P30: 29 | Q30: 19 | R30: 6.3329027e-10 | S30: 9.2103539
P31: 30 | Q31: 14 | R31: 1.0103631e-10 | S31: 7.6398701
P32: 31 | Q32: 22 | R32: 1.5599537e-11 | S32: 6.3373953
P33: 32 | Q33: 11 | R33: 2.3332305e-12 | S33: 5.2571437
P34: 33 | Q34: 8 | R34: 3.3840723e-13 | S34: 4.3611623
P35: 34 | Q35: 17 | R35: 4.7638341e-14 | S35: 3.6179889
P36: 35 | Q36: 9 | R36: 6.5145513e-15 | S36: 3.0015395
P37: 36 | Q37: 12 | R37: 8.6611972e-16 | S37: 2.4901878
P38: 37 | Q38: 10 | R38: 1.1203975e-16 | S38: 2.0660019
P39: 38 | Q39: 11 | R39: 1.4111866e-17 | S39: 1.7141127
P40: 39 | Q40: 4 | R40: 1.7318719e-18 | S40: 1.4221897
P41: 40 | Q41: 8 | R41: 2.0722955e-19 | S41: 1.1800074
... P93: 162 | Q93: 1 | R93: 2.3387189e-80 | S93: 7.3031508e-05
